{"subjectName":"23","pcMarkers":[{"World":[-270.178314,-205.7258,1169.33398]},{"World":[97.9011765,-205.763458,1112.94275]}],"pcLinePtInds":[],"pcLinePts":[]}