{"subjectName":"5","pcMarkers":[{"World":[-251.757416,-206.257965,1142.32007]},{"World":[84.0840225,-192.197586,1103.1488]}],"pcLinePtInds":[],"pcLinePts":[]}