{"subjectName":"1","pcMarkers":[{"World":[-237.140701,-210.707718,1102.19592]},{"World":[105.729973,-187.834167,1073.87244]}],"pcLinePtInds":[],"pcLinePts":[]}