{"subjectName":"4","pcMarkers":[{"World":[-271.515686,-220.265839,1119.11096]},{"World":[58.0848389,-213.175049,1097.77881]}],"pcLinePtInds":[],"pcLinePts":[]}