{"subjectName":"13","pcMarkers":[{"World":[-231.809265,-203.064819,1201.10315]},{"World":[105.133125,-214.594498,1171.86987]}],"pcLinePtInds":[],"pcLinePts":[]}