{"subjectName":"15","pcMarkers":[{"World":[-240.330658,-146.110931,1126.1593]},{"World":[119.676956,-144.747452,1076.74817]}],"pcLinePtInds":[],"pcLinePts":[]}