{"subjectName":"10","pcMarkers":[{"World":[-250.32988,-230.298416,1182.89111]},{"World":[75.6228638,-241.985428,1138.42871]}],"pcLinePtInds":[],"pcLinePts":[]}