{"subjectName":"14","pcMarkers":[{"World":[-234.191589,-191.33049,1163.71094]},{"World":[98.6591492,-190.416809,1107.55884]}],"pcLinePtInds":[],"pcLinePts":[]}