{"subjectName":"3","pcMarkers":[{"World":[-269.471802,-268.222,1159.98352]},{"World":[118.582909,-266.41629,1152.60547]}],"pcLinePtInds":[],"pcLinePts":[]}