{"subjectName":"8","pcMarkers":[{"World":[-175.22554,-249.751465,1143.30896]},{"World":[123.583549,-255.324814,1130.5658]}],"pcLinePtInds":[],"pcLinePts":[]}