{"subjectName":"27","pcMarkers":[{"World":[-226.951385,-155.827271,1170.48145]},{"World":[82.6615448,-166.841782,1120.13416]}],"pcLinePtInds":[],"pcLinePts":[]}