{"subjectName":"30","pcMarkers":[{"World":[-187.395706,7.90828848,1180.7428]},{"World":[58.384716,1.00287402,1160.92505]}],"pcLinePtInds":[],"pcLinePts":[]}