{"subjectName":"20","pcMarkers":[{"World":[-261.674561,-154.894257,1161.42102]},{"World":[126.965256,-162.258331,1101.12805]}],"pcLinePtInds":[],"pcLinePts":[]}