{"subjectName":"11","pcMarkers":[{"World":[-215.084198,-161.478165,1147.42285]},{"World":[84.6285324,-146.141205,1112.41382]}],"pcLinePtInds":[],"pcLinePts":[]}