{"subjectName":"7","pcMarkers":[{"World":[-234.777466,-210.711121,1112.81982]},{"World":[105.753525,-207.903549,1086.11]}],"pcLinePtInds":[],"pcLinePts":[]}