{"subjectName":"2","pcMarkers":[{"World":[-202.964478,-187.620316,1098.70105]},{"World":[120.313911,-185.235031,1069.36658]}],"pcLinePtInds":[],"pcLinePts":[]}