{"subjectName":"29","pcMarkers":[{"World":[-265.366577,-127.906097,1224.05957]},{"World":[41.2275429,-150.465363,1188.47656]}],"pcLinePtInds":[],"pcLinePts":[]}