{"subjectName":"19","pcMarkers":[{"World":[-287.320068,-192.843948,1132.69153]},{"World":[54.428978,-193.983704,1102.76794]}],"pcLinePtInds":[],"pcLinePts":[]}