{"subjectName":"9","pcMarkers":[{"World":[-203.963882,-235.261276,1130.98535]},{"World":[144.359619,-253.246155,1086.19238]}],"pcLinePtInds":[],"pcLinePts":[]}