{"subjectName":"26","pcMarkers":[{"World":[-233.06395,-135.934845,1130.11475]},{"World":[149.349457,-136.515549,1095.78601]}],"pcLinePtInds":[],"pcLinePts":[]}