{"subjectName":"6","pcMarkers":[{"World":[-254.753143,-242.039062,1147.96436]},{"World":[110.35508,-266.459961,1110.05347]}],"pcLinePtInds":[],"pcLinePts":[]}