{"subjectName":"22","pcMarkers":[{"World":[-262.284912,-172.904648,1088.28503]},{"World":[82.7454224,-166.299728,1046.26086]}],"pcLinePtInds":[],"pcLinePts":[]}