{"subjectName":"16","pcMarkers":[{"World":[-294.913483,-238.330353,1118.08264]},{"World":[92.1645737,-238.592468,1074.0918]}],"pcLinePtInds":[],"pcLinePts":[]}