{"subjectName":"28","pcMarkers":[{"World":[-289.039917,-148.73555,1133.1814]},{"World":[38.9165535,-156.381882,1102.66089]}],"pcLinePtInds":[],"pcLinePts":[]}