{"subjectName":"17","pcMarkers":[{"World":[-228.803879,-161.445801,1176.26978]},{"World":[112.802551,-161.213364,1154.40466]}],"pcLinePtInds":[],"pcLinePts":[]}