{"subjectName":"21","pcMarkers":[{"World":[-207.552658,-171.516434,1165.6991]},{"World":[133.293121,-166.95845,1110.71069]}],"pcLinePtInds":[],"pcLinePts":[]}