{"subjectName":"18","pcMarkers":[{"World":[-268.058716,-138.313217,1153.76599]},{"World":[98.8554,-151.671524,1133.98401]}],"pcLinePtInds":[],"pcLinePts":[]}