{"subjectName":"25","pcMarkers":[{"World":[-250.67067,-256.778076,1131.60657]},{"World":[127.070274,-234.609329,1087.15637]}],"pcLinePtInds":[],"pcLinePts":[]}