{"subjectName":"24","pcMarkers":[{"World":[-252.201294,-191.329086,1141.93]},{"World":[116.940079,-192.877808,1102.46191]}],"pcLinePtInds":[],"pcLinePts":[]}