{"subjectName":"12","pcMarkers":[{"World":[-259.25296,-229.045151,1120.49817]},{"World":[83.3160324,-219.783676,1091.48633]}],"pcLinePtInds":[],"pcLinePts":[]}